START,STOP,REF,ALT,FREQ
21,21,C,T,0.17754569190600522
44,44,C,T,0.20147954743255003
241,241,C,T,0.9769364664926022
405,405,A,G,0.06483899042645778
670,670,T,G,0.9860748476936466
774,774,C,T,0.07745865970409051
897,897,C,A,0.9103568320278503
2790,2790,C,T,0.8772845953002611
3037,3037,C,T,0.9878154917319408
3431,3431,G,T,0.8181026979982594
3565,3565,T,C,0.8537859007832899
4184,4184,G,A,0.9869451697127938
4321,4321,C,T,0.9834638816362054
6183,6183,A,G,0.9064403829416884
7113,7113,C,T,0.3877284595300261
7842,7842,A,G,0.9186248912097476
8293,8293,C,T,0.9168842471714534
8393,8393,G,A,0.9234116623150566
9344,9344,C,T,0.9843342036553525
9424,9424,A,G,0.9751958224543081
9534,9534,C,T,0.9795474325500435
9866,9866,C,T,0.06179286335944299
10029,10029,C,T,0.9721496953872933
10198,10198,C,T,0.9691035683202786
10447,10449,GCC,ACA,0.983899042645779
11042,11042,G,T,0.918189730200174
11287,11297,GTCTGGTTTTA,GA,0.8777197563098347
11727,11727,G,A,0.8289817232375979
12616,12616,C,T,0.14882506527415143
12789,12789,C,T,0.9421235857267188
12815,12815,C,T,0.912532637075718
12880,12880,C,T,0.984769364664926
13121,13121,A,T,0.14490861618798956
13339,13339,T,C,0.8929503916449086
14408,14408,C,T,0.9986945169712794
15372,15372,G,T,0.18450826805918188
15451,15451,G,A,0.06222802436901654
15714,15714,C,T,0.9865100087032201
15738,15738,C,T,0.06266318537859007
15756,15756,T,A,0.9112271540469974
15939,15939,T,C,0.057876414273281114
17334,17334,G,T,0.37989556135770236
17410,17410,C,T,0.9891209747606614
17859,17859,T,C,0.058311575282854654
18163,18163,A,G,0.9808529155787642
18453,18453,T,C,0.057876414273281114
18492,18492,A,G,0.9412532637075718
18657,18657,C,T,0.0557006092254134
18894,18894,C,T,0.8607484769364665
19326,19326,A,G,0.057441253263707574
19716,19716,C,T,0.05352480417754569
19722,19722,A,G,0.1836379460400348
19955,19955,C,T,0.8951261966927764
20055,20055,A,G,0.9421235857267188
21608,21612,GTTAA,GTCATGCCGCTGTTTAA,0.5104438642297651
21618,21627,CAACCAGAAC,TAACTACAAA,0.0639686684073107
21618,21627,CAACCAGAAC,TAACTACAAC,0.7140992167101827
21618,21627,CAACCAGAAC,TAACCAGAAC,0.06179286335944299
21632,21642,TTACCCCCTGC,TC,0.7906875543951262
21651,21659,ATTCTTTCA,ATTTCA,0.26718885987815494
21711,21711,C,T,0.8894691035683203
21738,21738,T,C,0.07484769364664925
21764,21771,ATACATGT,AT,0.7593559617058312
21810,21810,T,C,0.05308964316797215
21941,21941,G,T,0.9177545691906005
21987,21997,GTGTTTATTAC,ATGTTTAC,0.8938207136640557
22000,22000,C,A,0.09573542210617929
22032,22034,TCA,CAG,0.9160139251523064
22111,22111,G,T,0.058311575282854654
22193,22200,AATTTAGT,ATAGG,0.8851174934725848
22193,22200,AATTTAGT,AATTTAGA,0.05221932114882506
22208,22208,C,T,0.9216710182767625
22295,22295,C,A,0.9038294168842471
22353,22353,C,A,0.9042645778938208
22556,22556,A,G,0.902088772845953
22577,22578,GG,CA,0.9490861618798956
22599,22599,G,C,0.33115752828546563
22629,22629,A,C,0.902088772845953
22674,22674,C,T,0.9595300261096605
22679,22679,T,C,0.9651871192341166
22686,22688,CCA,TCG,0.9525674499564839
22770,22770,G,A,0.6923411662315057
22775,22775,G,A,0.9765013054830287
22786,22786,A,C,0.9786771105308965
22813,22813,G,T,0.9817232375979112
22882,22882,T,G,0.9812880765883377
22895,22898,GTTG,CATA,0.8859878154917319
22895,22898,GTTG,CCTA,0.06614447345517842
22910,22910,A,G,0.9160139251523064
22916,22917,CT,TG,0.9112271540469974
22926,22928,TGT,CGC,0.5483028720626631
22926,22928,TGT,CGT,0.3320278503046127
22942,22942,T,A,0.9199303742384682
22942,22942,T,G,0.05526544821583986
22992,22995,GCAC,ACAA,0.9412532637075718
23005,23012,TGGTGTTG,AGGTA,0.8076588337684943
23013,23013,A,C,0.06570931244560488
23018,23019,TT,CC,0.9647519582245431
23031,23031,T,C,0.053959965187119235
23039,23039,C,G,0.3063533507397737
23055,23055,A,G,0.9773716275021758
23063,23063,A,T,0.9769364664926022
23075,23075,T,C,0.974325500435161
23222,23222,G,A,0.9329852045256745
23271,23271,C,T,0.9260226283724978
23277,23277,C,T,0.09486510008703221
23403,23403,A,G,0.9978241949521323
23423,23423,C,T,0.927763272410792
23525,23525,C,T,0.912532637075718
23599,23599,T,G,0.97911227154047
23604,23604,C,A,0.06657963446475196
23604,23604,C,G,0.9177545691906005
23854,23854,C,A,0.9769364664926022
23948,23948,G,T,0.9456048738033073
24378,24378,C,T,0.8925152306353351
24424,24424,A,T,0.9551784160139252
24469,24469,T,A,0.9795474325500435
24872,24872,G,T,0.42036553524804177
24990,24990,C,T,0.8938207136640557
25000,25000,C,T,0.9573542210617929
25006,25006,C,T,0.07267188859878156
25207,25207,C,T,0.8642297650130548
25416,25416,C,T,0.05918189730200174
25584,25584,C,T,0.9917319408181027
26060,26060,C,T,0.9656222802436901
26270,26270,C,T,0.9686684073107049
26275,26275,A,G,0.05613577023498695
26529,26529,G,C,0.9203655352480418
26577,26577,C,G,0.9852045256744996
26610,26610,A,G,0.7980852915578764
26681,26681,C,T,0.9242819843342036
26709,26709,G,A,0.9965187119234117
26833,26833,C,T,0.9247171453437772
26858,26858,C,T,0.979982593559617
27259,27259,A,C,0.9882506527415144
27382,27384,GAT,CTC,0.9643167972149695
27807,27810,CTAT,TTAC,0.8977371627502175
27807,27810,CTAT,TTAT,0.0865970409051349
28271,28271,A,T,0.9769364664926022
28291,28291,C,A,0.07136640557006092
28311,28311,C,T,0.9765013054830287
28361,28371,GGAGAACGCAG,GG,0.834638816362054
28881,28884,GGGG,AACC,0.07267188859878156
28881,28884,GGGG,AACG,0.9138381201044387
28958,28958,C,A,0.9134029590948651
29510,29510,A,C,0.9852045256744996
29733,29760,CGAGGCCACGCGGAGTACGATCGAGTGT,CT,0.855526544821584
